{"cameraMode":{"drawMode":0,"name":"Shaded","section":"Shading Mode"},"sceneLighting":true,"audioPlay":false,"sceneViewState":{"showFog":false,"showMaterialUpdate":false,"showSkybox":false,"showFlares":false,"showImageEffects":false,"showParticleSystems":true},"in2DMode":false,"pivot":{"x":0.21250376105308534,"y":2.736145496368408,"z":-2.237415313720703},"rotation":{"x":0.1893339306116104,"y":-0.013256855309009552,"z":0.002556778723374009,"w":0.981826663017273},"size":2.3231353759765627,"orthographic":false}